Series	Country	Confirmed	Recovered	Deaths	Active
173	US	1257023	195036	75662	986325
66	Germany	169430	141700	7392	20338
157	Spain	221447	128511	26070	66866
85	Italy	215858	96276	29958	89624
172	Turkey	133721	82984	3641	47096
81	Iran	103135	82744	6486	13905
36	China	83975	78977	4637	361
23	Brazil	135773	55350	9190	71233
62	France	174918	55191	25990	93737
32	Canada	66201	29260	4541	32400
